dataset,method,seed,profile,eta,epochs,best_epoch,validation_loss,time_s,updates,gradient_calls,loss_calls,accuracy,precision_macro,recall_macro,f1_macro,cross_entropy
classification_spiral3,gd,42,quick,0.08,80,80,0.6272464842229909,0.08329729200340807,80,80,160,0.7111111111111111,0.7112717834631072,0.7111111111111109,0.711058627396499,0.5800565629236686
classification_spiral3,gd,123,quick,0.08,80,80,0.6182338956308806,0.09839283296605572,80,80,160,0.7111111111111111,0.7112717834631072,0.7111111111111109,0.711058627396499,0.5645507160539732
classification_spiral3,gd,2024,quick,0.08,80,80,0.6157679897268354,0.17353295802604407,80,80,160,0.7111111111111111,0.7112717834631072,0.7111111111111109,0.711058627396499,0.5686570227555641
classification_spiral3,gd_search,42,quick,1.0,80,80,0.07502186705186888,1.8554217500495724,80,80,2080,0.9888888888888889,0.989247311827957,0.9888888888888889,0.9888858016115588,0.06391330149983618
classification_spiral3,gd_search,123,quick,1.0,80,79,0.08653127745225682,1.7396729160100222,80,80,2080,0.9888888888888889,0.989247311827957,0.9888888888888889,0.9888858016115588,0.07062220895732066
classification_spiral3,gd_search,2024,quick,1.0,80,80,0.10984373207935028,0.6996765829971991,80,80,2080,0.9888888888888889,0.989247311827957,0.9888888888888889,0.9888858016115588,0.0865300708810236
classification_spiral3,sgd,42,quick,0.02,80,80,0.5924449832830799,0.12093462503980845,720,720,160,0.7222222222222222,0.7229166666666668,0.7222222222222223,0.7220244716351502,0.5388152508108655
classification_spiral3,sgd,123,quick,0.02,80,80,0.5652099377695541,0.1134032909758389,720,720,160,0.7222222222222222,0.7229166666666668,0.7222222222222223,0.7220244716351502,0.5080103905255082
classification_spiral3,sgd,2024,quick,0.02,80,80,0.5762031394121631,0.11747925000963733,720,720,160,0.7333333333333333,0.7335187245087132,0.7333333333333334,0.7332870241733814,0.527986170496282
classification_spiral3,momentum,42,quick,0.01,80,80,0.07953619081707834,0.16203858301742002,720,720,160,0.9888888888888889,0.989247311827957,0.9888888888888889,0.9888858016115588,0.0635982496969364
classification_spiral3,momentum,123,quick,0.01,80,80,0.11245784684955984,0.3572371249902062,720,720,160,0.9888888888888889,0.989247311827957,0.9888888888888889,0.9888858016115588,0.09558103938502988
classification_spiral3,momentum,2024,quick,0.01,80,80,0.11243048261816838,0.15871362498728558,720,720,160,0.9888888888888889,0.989247311827957,0.9888888888888889,0.9888858016115588,0.0897543363671587
classification_spiral3,adagrad,42,quick,0.04,80,79,0.04933318134115435,0.1396718340110965,720,720,160,0.9888888888888889,0.989247311827957,0.9888888888888889,0.9888858016115588,0.03527086963183818
classification_spiral3,adagrad,123,quick,0.04,80,79,0.058169565936525,0.12329904100624844,720,720,160,0.9888888888888889,0.989247311827957,0.9888888888888889,0.9888858016115588,0.039174796844168046
classification_spiral3,adagrad,2024,quick,0.04,80,80,0.07196305920003021,0.12465512502240017,720,720,160,0.9888888888888889,0.989247311827957,0.9888888888888889,0.9888858016115588,0.06204687005902941
classification_spiral3,rmsprop,42,quick,0.002,80,80,0.07647567266060804,0.1498366660089232,720,720,160,0.9888888888888889,0.989247311827957,0.9888888888888889,0.9888858016115588,0.06325615923622707
classification_spiral3,rmsprop,123,quick,0.002,80,79,0.08195716491086961,0.15624645905336365,720,720,160,0.9888888888888889,0.989247311827957,0.9888888888888889,0.9888858016115588,0.06323140091492156
classification_spiral3,rmsprop,2024,quick,0.002,80,80,0.06135197567534847,0.15450458403211087,720,720,160,0.9888888888888889,0.989247311827957,0.9888888888888889,0.9888858016115588,0.05032585755353508
classification_spiral3,adam,42,quick,0.002,80,80,0.0951670365664146,0.13490666600409895,720,720,160,0.9888888888888889,0.989247311827957,0.9888888888888889,0.9888858016115588,0.07744962549417286
classification_spiral3,adam,123,quick,0.002,80,80,0.10736045782244288,0.18105874996399507,720,720,160,0.9888888888888889,0.989247311827957,0.9888888888888889,0.9888858016115588,0.08377163355681626
classification_spiral3,adam,2024,quick,0.002,80,80,0.10540020392959817,0.26024770899675786,720,720,160,0.9888888888888889,0.989247311827957,0.9888888888888889,0.9888858016115588,0.09513654465673424
classification_iris,gd,42,quick,0.08,80,80,0.23052433896827285,0.038437207986135036,80,80,160,0.9333333333333333,0.9444444444444445,0.9333333333333332,0.9326599326599326,0.22578817624861697
classification_iris,gd,123,quick,0.08,80,80,0.2747088835650818,0.03873008402297273,80,80,160,0.9333333333333333,0.9444444444444445,0.9333333333333332,0.9326599326599326,0.23729661411862343
classification_iris,gd,2024,quick,0.08,80,80,0.24950498827930023,0.032384916965384036,80,80,160,0.9333333333333333,0.9444444444444445,0.9333333333333332,0.9326599326599326,0.21513722853333175
classification_iris,gd_search,42,quick,1.0,80,35,0.15477353140563224,0.31424195802537724,80,80,2080,0.9333333333333333,0.9444444444444445,0.9333333333333332,0.9326599326599326,0.1331112081537774
classification_iris,gd_search,123,quick,1.0,80,29,0.13004518364981307,0.6868845419958234,80,80,2080,0.9333333333333333,0.9444444444444445,0.9333333333333332,0.9326599326599326,0.11214645354739884
classification_iris,gd_search,2024,quick,1.0,80,40,0.15738501996950258,0.5065152089809999,80,80,2080,0.9333333333333333,0.9444444444444445,0.9333333333333332,0.9326599326599326,0.14120528014805467
classification_iris,sgd,42,quick,0.02,80,80,0.2590416244337791,0.0811165000195615,240,240,160,0.9,0.9023569023569024,0.9,0.899749373433584,0.26623009865005637
classification_iris,sgd,123,quick,0.02,80,80,0.31293916574457264,0.06212983396835625,240,240,160,0.8666666666666667,0.8666666666666667,0.8666666666666667,0.8666666666666668,0.27894149926860884
classification_iris,sgd,2024,quick,0.02,80,80,0.28578401937074044,0.07155633403453976,240,240,160,0.9333333333333333,0.9444444444444445,0.9333333333333332,0.9326599326599326,0.2533358428349869
classification_iris,momentum,42,quick,0.01,80,79,0.16140107863113498,0.06809712504036725,240,240,160,0.9333333333333333,0.9444444444444445,0.9333333333333332,0.9326599326599326,0.14008495452291808
classification_iris,momentum,123,quick,0.01,80,80,0.13894620084645648,0.08782320801401511,240,240,160,0.9333333333333333,0.9444444444444445,0.9333333333333332,0.9326599326599326,0.12619143734907373
classification_iris,momentum,2024,quick,0.01,80,76,0.15882636172917905,0.07591191603569314,240,240,160,0.9333333333333333,0.9444444444444445,0.9333333333333332,0.9326599326599326,0.13900689747698283
classification_iris,adagrad,42,quick,0.04,80,33,0.1525034757710615,0.14994525001384318,240,240,160,0.9333333333333333,0.9444444444444445,0.9333333333333332,0.9326599326599326,0.098975569027583
classification_iris,adagrad,123,quick,0.04,80,18,0.12565697300240114,0.1067664580186829,240,240,160,0.9666666666666667,0.9696969696969697,0.9666666666666667,0.9665831244778613,0.09913095268675393
classification_iris,adagrad,2024,quick,0.04,80,30,0.17080235824968593,0.17186954099452123,240,240,160,0.9333333333333333,0.9444444444444445,0.9333333333333332,0.9326599326599326,0.1272592521658707
classification_iris,rmsprop,42,quick,0.002,80,69,0.18048361086869724,0.10159966698847711,240,240,160,0.9333333333333333,0.9444444444444445,0.9333333333333332,0.9326599326599326,0.14032673839157983
classification_iris,rmsprop,123,quick,0.002,80,70,0.1386119211446562,0.10876466700574383,240,240,160,0.9333333333333333,0.9444444444444445,0.9333333333333332,0.9326599326599326,0.11946051656507306
classification_iris,rmsprop,2024,quick,0.002,80,70,0.1733258487987908,0.1687739590415731,240,240,160,0.9333333333333333,0.9444444444444445,0.9333333333333332,0.9326599326599326,0.14136828211938796
classification_iris,adam,42,quick,0.002,80,79,0.16886201395912817,0.11822187498910353,240,240,160,0.9333333333333333,0.9444444444444445,0.9333333333333332,0.9326599326599326,0.14195360402513785
classification_iris,adam,123,quick,0.002,80,80,0.1472879263686034,0.0739769579959102,240,240,160,0.9333333333333333,0.9444444444444445,0.9333333333333332,0.9326599326599326,0.1370521333998277
classification_iris,adam,2024,quick,0.002,80,76,0.17812291752251116,0.055385207990184426,240,240,160,0.9333333333333333,0.9444444444444445,0.9333333333333332,0.9326599326599326,0.15287445004651856
mnist,gd,42,quick,0.08,2,2,2.0367002640436294,0.23069162503816187,2,2,4,0.313,0.3175776167038034,0.31093526079955347,0.30522405269301195,2.038431823134683
mnist,gd_search,42,quick,1.0,2,2,0.762611967842397,2.037188167043496,2,2,52,0.737,0.7479952398811223,0.7309206131319229,0.7295127928249323,0.8086727646297588
mnist,sgd,42,quick,0.02,2,2,2.109770723887724,0.5760205829865299,6,6,4,0.22,0.23700200584668157,0.22432451015862406,0.22219909395628118,2.1103767383924485
mnist,momentum,42,quick,0.01,2,2,2.0038392016103934,0.506230041035451,6,6,4,0.348,0.340264968908467,0.3417563671631766,0.3316038119359836,2.005881143774345
mnist,adagrad,42,quick,0.04,2,2,0.49828486670958927,0.4665823749965057,6,6,4,0.839,0.8429419636779535,0.839964201007211,0.8360532707255768,0.5179378967503732
mnist,rmsprop,42,quick,0.002,2,2,0.6277301947763165,0.529660000000149,6,6,4,0.849,0.8496506666926091,0.8467758000143979,0.8465626655342284,0.6474746260653587
mnist,adam,42,quick,0.002,2,2,0.8981725421929008,0.5294632080476731,6,6,4,0.728,0.7543419668064512,0.7203363156590007,0.7164164618359918,0.9263240495221156
fashion_mnist,gd,42,quick,0.08,2,2,1.8390932586930506,0.6228571250103414,2,2,4,0.426,0.41587461824271105,0.4280746008378286,0.39581917286239804,1.8137703966970644
fashion_mnist,gd_search,42,quick,1.0,2,2,1.1984735067098935,2.7910839579999447,2,2,52,0.585,0.5978766159990447,0.5875055639417213,0.5676394029342721,1.1751366513987291
fashion_mnist,sgd,42,quick,0.02,2,2,1.9664907078019074,0.28104387497296557,6,6,4,0.319,0.2862031371944452,0.3191244800518956,0.3005668352244492,1.9413135698266248
fashion_mnist,momentum,42,quick,0.01,2,2,1.779773608974965,0.6576317920116708,6,6,4,0.453,0.46910594390513216,0.4551397732784591,0.4203384910631877,1.7542513553613863
fashion_mnist,adagrad,42,quick,0.04,2,2,1.0136165521314071,0.425819666008465,6,6,4,0.618,0.655390063514518,0.6159829985551706,0.5777155080733523,0.9554467180941854
fashion_mnist,rmsprop,42,quick,0.002,2,2,0.8877103731090796,0.3177560410113074,6,6,4,0.707,0.721805373525853,0.7035637347235529,0.694250030119011,0.8428181280931506
fashion_mnist,adam,42,quick,0.002,2,2,0.9146240936618326,0.5320587090100162,6,6,4,0.692,0.6962517471728875,0.6980745713609208,0.6869493830389358,0.8950028076910244
