dataset,method,seed,profile,eta,tau,epochs,best_epoch,time_s,updates,gradient_calls,loss_calls,soft_loss,inertia,non_empty,silhouette,ari,nmi
blobs,gd,42,quick,0.05,0.25,60,60,0.011270041984971613,60,60,120,0.6568794308303261,0.3833397251781511,3,0.6792993240705991,0.9751052401180592,0.959625298530551
blobs,gd_search,42,quick,1.0,0.25,60,50,0.09595470898784697,60,60,1560,0.5642759384733231,0.2902628686859495,3,0.6792993240705991,0.9751052401180592,0.959625298530551
blobs,sgd,42,quick,0.02,0.25,60,60,0.022831792011857033,360,360,120,0.5645663251773212,0.29055756221747503,3,0.6792993240705991,0.9751052401180592,0.959625298530551
blobs,momentum,42,quick,0.01,0.25,60,44,0.022994333994574845,360,360,120,0.5642797702287367,0.2902655842701861,3,0.6792993240705991,0.9751052401180592,0.959625298530551
blobs,adagrad,42,quick,0.08,0.25,60,60,0.023650042014196515,360,360,120,0.5645584588862994,0.29055645162906146,3,0.6792993240705991,0.9751052401180592,0.959625298530551
blobs,rmsprop,42,quick,0.01,0.25,60,37,0.02420816698577255,360,360,120,0.5642940679081778,0.2902898850151959,3,0.6792993240705991,0.9751052401180592,0.959625298530551
blobs,adam,42,quick,0.01,0.25,60,59,0.025476292008534074,360,360,120,0.5642869579242522,0.29027319167052096,3,0.6792993240705991,0.9751052401180592,0.959625298530551
blobs,lloyd,42,quick,,0.25,5,5,0.0005221250467002392,5,0,0,0.5642770164880903,0.29026174108609737,3,0.6792993240705991,0.9751052401180592,0.959625298530551
blobs,gd,123,quick,0.05,0.25,60,60,0.011172250029630959,60,60,120,0.6194035192012579,0.3456268952275658,3,0.6791251069243762,0.983344908892198,0.9707436077807828
blobs,gd_search,123,quick,1.0,0.25,60,7,0.09549158398294821,60,60,1560,0.5642759384733232,0.2902628686864753,3,0.6792993240705992,0.9751052401180592,0.959625298530551
blobs,sgd,123,quick,0.02,0.25,60,60,0.022673374973237514,360,360,120,0.5644672435592045,0.2904724306675589,3,0.6792993240705992,0.9751052401180592,0.959625298530551
blobs,momentum,123,quick,0.01,0.25,60,27,0.02305191697087139,360,360,120,0.5642802162792043,0.29026996145327527,3,0.6792993240705992,0.9751052401180592,0.959625298530551
blobs,adagrad,123,quick,0.08,0.25,60,60,0.02362979098688811,360,360,120,0.5670306769244324,0.2931343888940293,3,0.6792993240705992,0.9751052401180592,0.959625298530551
blobs,rmsprop,123,quick,0.01,0.25,60,57,0.02425104199210182,360,360,120,0.5643128435706761,0.2902990896340024,3,0.6792993240705992,0.9751052401180592,0.959625298530551
blobs,adam,123,quick,0.01,0.25,60,60,0.0254675829783082,360,360,120,0.5648233883503215,0.290845296379859,3,0.6792993240705992,0.9751052401180592,0.959625298530551
blobs,lloyd,123,quick,,0.25,4,4,0.0003789589973166585,4,0,0,0.5642770164880903,0.29026174108609737,3,0.6792993240705992,0.9751052401180592,0.959625298530551
blobs,gd,2024,quick,0.05,0.25,60,60,0.011169540986884385,60,60,120,0.6906665251139966,0.4186211016512875,3,0.6701422182250866,0.9508202491096317,0.9325824305844235
blobs,gd_search,2024,quick,1.0,0.25,60,12,0.09467404196038842,60,60,1560,0.5642759384733232,0.2902628686820545,3,0.6792993240705992,0.9751052401180592,0.959625298530551
blobs,sgd,2024,quick,0.02,0.25,60,60,0.022428791970014572,360,360,120,0.5650514149045635,0.29107376898543325,3,0.6792993240705992,0.9751052401180592,0.959625298530551
blobs,momentum,2024,quick,0.01,0.25,60,42,0.022806374996434897,360,360,120,0.5642808701517721,0.2902691510105866,3,0.6792993240705992,0.9751052401180592,0.959625298530551
blobs,adagrad,2024,quick,0.08,0.25,60,53,0.023335666046477854,360,360,120,0.5643152460155098,0.29030736553346886,3,0.6792993240705992,0.9751052401180592,0.959625298530551
blobs,rmsprop,2024,quick,0.01,0.25,60,40,0.02391395898303017,360,360,120,0.5642907097825274,0.2902748321940571,3,0.6792993240705992,0.9751052401180592,0.959625298530551
blobs,adam,2024,quick,0.01,0.25,60,55,0.025189708976540715,360,360,120,0.5642861207082233,0.29027612499337824,3,0.6792993240705992,0.9751052401180592,0.959625298530551
blobs,lloyd,2024,quick,,0.25,5,5,0.0004598340019583702,5,0,0,0.5642770164880903,0.29026174108609737,3,0.6792993240705992,0.9751052401180592,0.959625298530551
wine,gd,42,quick,0.05,0.25,60,60,0.008761167002376169,60,60,120,7.563666572314406,7.28924388172575,3,0.2848589191898987,0.8974949815093207,0.8758935341223069
wine,gd_search,42,quick,1.0,0.25,60,11,0.07418412499828264,60,60,1560,7.453930429562352,7.179377133883907,3,0.2848589191898987,0.8974949815093207,0.8758935341223069
wine,sgd,42,quick,0.02,0.25,60,60,0.013696542009711266,180,180,120,7.509171543965723,7.234661130353891,3,0.2848589191898987,0.8974949815093207,0.8758935341223069
wine,momentum,42,quick,0.01,0.25,60,46,0.01385204104008153,180,180,120,7.454095866945472,7.179558213098775,3,0.2848589191898987,0.8974949815093207,0.8758935341223069
wine,adagrad,42,quick,0.08,0.25,60,60,0.014147332985885441,180,180,120,7.462711382310133,7.188237883393655,3,0.2848589191898987,0.8974949815093207,0.8758935341223069
wine,rmsprop,42,quick,0.01,0.25,60,60,0.014435915974900126,180,180,120,7.455066505020881,7.180531537367572,3,0.2848589191898987,0.8974949815093207,0.8758935341223069
wine,adam,42,quick,0.01,0.25,60,60,0.015047458000481129,180,180,120,7.4772108480276795,7.203172459630735,3,0.2848589191898987,0.8974949815093207,0.8758935341223069
wine,lloyd,42,quick,,0.25,3,3,0.0002565419999882579,3,0,0,7.453933661619443,7.179373532835069,3,0.2848589191898987,0.8974949815093207,0.8758935341223069
wine,gd,123,quick,0.05,0.25,60,60,0.0087893339805305,60,60,120,7.8065284550867595,7.533141064073378,3,0.2724918062837586,0.7419203303037001,0.7533228017417254
wine,gd_search,123,quick,1.0,0.25,60,15,0.07443358300952241,60,60,1560,7.453930429562352,7.179377133881763,3,0.28485891918989864,0.8974949815093207,0.8758935341223069
wine,sgd,123,quick,0.02,0.25,60,60,0.013675666006747633,180,180,120,7.681660343222324,7.408290851624088,3,0.2762161512122435,0.7675139120593849,0.7687903178443306
wine,momentum,123,quick,0.01,0.25,60,50,0.013885125052183867,180,180,120,7.454063478096565,7.179516533033099,3,0.28485891918989864,0.8974949815093207,0.8758935341223069
wine,adagrad,123,quick,0.08,0.25,60,60,0.014199167024344206,180,180,120,7.716805705736842,7.444495919354893,3,0.27610479891740464,0.7808372794644491,0.7867183497540557
wine,rmsprop,123,quick,0.01,0.25,60,60,0.014478540979325771,180,180,120,7.601645372497612,7.328463924404912,3,0.2820051368512152,0.8368297906511479,0.8251627219307877
wine,adam,123,quick,0.01,0.25,60,60,0.01509770902339369,180,180,120,7.824634660884362,7.551553492572078,3,0.27179102806729416,0.738912309826968,0.7446652933616174
wine,lloyd,123,quick,,0.25,6,6,0.0004931670264340937,6,0,0,7.458378406184571,7.184049305431541,3,0.28594199657074876,0.9148795960669529,0.8925851652969188
wine,gd,2024,quick,0.05,0.25,60,60,0.008759999996982515,60,60,120,9.52444380764957,9.254581986287802,3,0.16143316179625625,0.40122450797398285,0.4903058922764562
wine,gd_search,2024,quick,1.0,0.25,60,21,0.0744780829991214,60,60,1560,9.59330419954222,9.31889152977549,2,0.25931695553182543,0.37431449262136857,0.4782459382083588
wine,sgd,2024,quick,0.02,0.25,60,60,0.013697124959435314,180,180,120,9.447694314668395,9.177274151449568,3,0.16952599233417104,0.3746871541373479,0.45942988369308624
wine,momentum,2024,quick,0.01,0.25,60,60,0.01389900001231581,180,180,120,7.457770594950714,7.183257664328823,3,0.2848589191898987,0.8974949815093207,0.8758935341223069
wine,adagrad,2024,quick,0.08,0.25,60,60,0.014211999950930476,180,180,120,7.547698614416784,7.2735761291362016,3,0.2806817957373884,0.8456161913329393,0.846355844744457
wine,rmsprop,2024,quick,0.01,0.25,60,60,0.014457667013630271,180,180,120,7.6402002398808255,7.366196429894516,3,0.2793458426091107,0.8297415339237041,0.8358558565678333
wine,adam,2024,quick,0.01,0.25,60,60,0.01510274998145178,180,180,120,7.87829550758063,7.604402403861986,3,0.27428785848433884,0.7696444608386511,0.7720974742057136
wine,lloyd,2024,quick,,0.25,12,12,0.0009362500277347863,12,0,0,7.47701974398557,7.204851226665905,3,0.2806817957373884,0.8456161913329393,0.846355844744457
mnist,gd,42,quick,0.05,5.0,2,2,0.04647920798743144,2,2,4,79.52330046709517,68.28805422293081,10,0.03320782259106636,0.16589627016838124,0.2845551072242035
mnist,gd_search,42,quick,1.0,5.0,2,2,0.6608277919585817,2,2,52,55.367689574905185,45.0081587609955,10,0.0266994871199131,0.18682880468131743,0.3153148593277417
mnist,sgd,42,quick,0.02,5.0,2,2,0.07821262499783188,4,4,4,79.86682548989228,68.6291829220632,10,0.03341923654079437,0.16874965081684015,0.28806541582689116
mnist,momentum,42,quick,0.01,5.0,2,2,0.07093754201196134,4,4,4,79.68370213005846,68.44712497716249,10,0.03341923654079437,0.16874965081684015,0.28806541582689116
mnist,adagrad,42,quick,0.08,5.0,2,2,0.08967245800886303,4,4,4,60.730431974016554,50.49467657012516,10,0.038408827036619186,0.18697425278062946,0.3104118013530243
mnist,rmsprop,42,quick,0.01,5.0,2,2,0.08220558299217373,4,4,4,69.8903643701654,59.094885223125104,10,0.033907826989889145,0.17794961536310133,0.2967974401419704
mnist,adam,42,quick,0.01,5.0,2,2,0.07786112505709752,4,4,4,75.39467679931104,64.36575188767192,10,0.03446032851934433,0.1709840718593378,0.2847132543396356
mnist,lloyd,42,quick,,5.0,36,36,0.36569816700648516,36,0,0,49.46936889515555,38.600826263427734,10,0.07403985410928726,0.3887353956834118,0.496470580080431
fashion_mnist,gd,42,quick,0.05,5.0,2,2,0.06617279100464657,2,2,4,71.93870968935542,62.06029335473623,10,0.0685139149427414,0.18904108747209045,0.38386349106519163
fashion_mnist,gd_search,42,quick,1.0,5.0,2,2,0.5922027500346303,2,2,52,45.75277411347333,34.50041237823349,9,0.11983367800712585,0.29095262920772424,0.47311051069056836
fashion_mnist,sgd,42,quick,0.02,5.0,2,2,0.18197941698599607,4,4,4,72.16821277145252,62.301183367555076,10,0.06861022859811783,0.18818340798971936,0.38291143503357233
fashion_mnist,momentum,42,quick,0.01,5.0,2,2,0.06365570798516273,4,4,4,72.04602727206245,62.17336404187024,10,0.06870684772729874,0.18835222789427056,0.3830648187104259
fashion_mnist,adagrad,42,quick,0.08,5.0,2,2,0.07282408297760412,4,4,4,52.04746376987674,41.923660514609246,10,0.11063004285097122,0.2744497059715414,0.4506616830738878
fashion_mnist,rmsprop,42,quick,0.01,5.0,2,2,0.1392101250239648,4,4,4,61.07037199657998,51.21064899980161,10,0.09171904623508453,0.23292665618491468,0.4164756938415735
fashion_mnist,adam,42,quick,0.01,5.0,2,2,0.16688666702248156,4,4,4,66.74610683375732,56.924479717425655,10,0.07985305786132812,0.20194587048836948,0.39060292791821133
fashion_mnist,lloyd,42,quick,,5.0,47,47,3.2865087499958463,47,0,0,42.98079684899485,31.831260681152344,10,0.13953156769275665,0.3264720158132638,0.4932367652511276
