dataset,model,method,seed,eta,lambda,sigma,best_epoch,rmse_validation,time_s,updates,gradient_calls,loss_calls,mse,rmse,mae,r2
regression_nonlinear.csv,ols,gd,42,0.05,0.0,,33,0.7322310510329718,0.0031399159925058484,120,120,240,0.6735233750580156,0.8206846989301163,0.700368621061856,0.0059481320707859275
regression_nonlinear.csv,ols,gd_search,42,1.0,0.0,,1,0.7320354077977461,0.003320499963592738,120,120,240,0.6811614726234647,0.8253250708802349,0.6953429963546909,-0.005324921595252441
regression_nonlinear.csv,ols,sgd,42,0.01,0.0,,24,0.7322169050041325,0.009993084007874131,840,840,240,0.6736099745180737,0.8207374577281542,0.7003282602344599,0.00582032009243405
regression_nonlinear.csv,ols,sgd,123,0.01,0.0,,21,0.7325443324613579,0.0099603749695234,840,840,240,0.6718758184462986,0.8196803147851598,0.7014304237484258,0.008379757739687799
regression_nonlinear.csv,ols,sgd,2024,0.01,0.0,,24,0.732079754163204,0.010155334020964801,840,840,240,0.6732745453159392,0.8205330860580451,0.7000390847457449,0.00631537941373983
regression_nonlinear.csv,ols,momentum,42,0.005,0.0,,4,0.7319259102598966,0.011040249955840409,840,840,240,0.6694056661728481,0.8181721494727427,0.7008341281683875,0.012025450780826175
regression_nonlinear.csv,ols,momentum,123,0.005,0.0,,6,0.7324846108336441,0.011155041982419789,840,840,240,0.6786806423250672,0.8238207586150443,0.6963494388830805,-0.001663468877408647
regression_nonlinear.csv,ols,momentum,2024,0.005,0.0,,5,0.7317093148941634,0.010927458002697676,840,840,240,0.6747504191404484,0.8214319321407273,0.698687442439879,0.004137140043866783
regression_nonlinear.csv,ols,adagrad,42,0.05,0.0,,38,0.7336344499155062,0.012060875014867634,840,840,240,0.6830199274999044,0.826450196624034,0.6972049034208163,-0.00806781161184289
regression_nonlinear.csv,ols,adagrad,123,0.05,0.0,,5,0.7315280666562293,0.012044125003740191,840,840,240,0.6742682493974591,0.8211383862647387,0.6977769313710479,0.004848773450259247
regression_nonlinear.csv,ols,adagrad,2024,0.05,0.0,,4,0.7332250734414677,0.012061249988619238,840,840,240,0.675733745292821,0.8220302581370232,0.7004597625911416,0.002685850846271376
regression_nonlinear.csv,ols,rmsprop,42,0.005,0.0,,13,0.73318046306027,0.01327729201875627,840,840,240,0.6781413495647124,0.8234933816156098,0.6996540765097427,-0.0008675277183578523
regression_nonlinear.csv,ols,rmsprop,123,0.005,0.0,,11,0.732565645981209,0.01308079098816961,840,840,240,0.6744200954862154,0.8212308417772772,0.6999385157203721,0.004624664096737674
regression_nonlinear.csv,ols,rmsprop,2024,0.005,0.0,,12,0.7328895756379635,0.012985332985408604,840,840,240,0.6762801717088377,0.8223625549043668,0.7003829091527058,0.001879381138400582
regression_nonlinear.csv,ols,adam,42,0.01,0.0,,39,0.7315727099304338,0.01582500000949949,840,840,240,0.6814712334280283,0.8255127094285274,0.6954405482394583,-0.005782096977414941
regression_nonlinear.csv,ols,adam,123,0.01,0.0,,6,0.7325037089843246,0.01578129199333489,840,840,240,0.675015477152511,0.8215932552988193,0.6978444047457114,0.00374594142811302
regression_nonlinear.csv,ols,adam,2024,0.01,0.0,,76,0.7323948206428795,0.015793958969879895,840,840,240,0.6819412680523793,0.825797352897416,0.696749343492281,-0.006475820185295245
regression_nonlinear.csv,ridge,gd,42,0.05,0.01,,33,0.7322415383072939,0.0030492079677060246,120,120,240,0.6733387359997233,0.8205722003576061,0.7004748878233786,0.006220640505660069
regression_nonlinear.csv,ridge,gd_search,42,1.0,0.01,,1,0.7318912609405004,0.0032634580275043845,120,120,240,0.6805589177498736,0.824959949179276,0.6955005778868574,-0.004435612003626854
regression_nonlinear.csv,ridge,sgd,42,0.01,0.01,,24,0.7322253594410562,0.009778667008504272,840,840,240,0.6734199759054911,0.8206217008497223,0.7004346539406521,0.006100738683289086
regression_nonlinear.csv,ridge,sgd,123,0.01,0.01,,21,0.7325751095832417,0.009858083969447762,840,840,240,0.6717433430859349,0.819599501638413,0.7015233595377377,0.008575277872025833
regression_nonlinear.csv,ridge,sgd,2024,0.01,0.01,,24,0.7320901260081,0.009907750005368143,840,840,240,0.673087034548518,0.8204188165495219,0.7001466276678064,0.006592126198654014
regression_nonlinear.csv,ridge,momentum,42,0.005,0.01,,39,0.7318293378338261,0.013014458992984146,840,840,240,0.680961383907796,0.8252038438518061,0.6960012116595508,-0.00502961104044819
regression_nonlinear.csv,ridge,momentum,123,0.005,0.01,,6,0.7324259082082893,0.0108040000195615,840,840,240,0.6783939798062449,0.8236467566901754,0.6964194845345586,-0.001240384211228962
regression_nonlinear.csv,ridge,momentum,2024,0.005,0.01,,5,0.7317024562339456,0.010808874969370663,840,840,240,0.6745975504575877,0.8213388767479521,0.6987665023982217,0.004362758642081688
regression_nonlinear.csv,ridge,adagrad,42,0.05,0.01,,38,0.7334343988571315,0.0119903750019148,840,840,240,0.6823584756040213,0.8260499231910995,0.6972640460910249,-0.007091576017062895
regression_nonlinear.csv,ridge,adagrad,123,0.05,0.01,,5,0.7315111737623726,0.011965125042479485,840,840,240,0.6740296624536124,0.8209930952533111,0.6978951232782435,0.005200903466791917
regression_nonlinear.csv,ridge,adagrad,2024,0.05,0.01,,11,0.733163845552683,0.01197987503837794,840,840,240,0.6812037861507578,0.8253507049435154,0.6978619507547492,-0.005387372049686423
regression_nonlinear.csv,ridge,rmsprop,42,0.005,0.01,,13,0.7331071056459664,0.013178833003621548,840,840,240,0.67780913836499,0.8232916484241718,0.6996940684732146,-0.0003772178406902249
regression_nonlinear.csv,ridge,rmsprop,123,0.005,0.01,,12,0.7325347069597744,0.013181124988477677,840,840,240,0.67537827748324,0.8218140163584702,0.6988753131060506,0.0032104851101858456
regression_nonlinear.csv,ridge,rmsprop,2024,0.005,0.01,,12,0.7328419587852713,0.013164292031433433,840,840,240,0.6760175914106075,0.8222028894443314,0.700455643515651,0.0022669229010225944
regression_nonlinear.csv,ridge,adam,42,0.01,0.01,,39,0.7313814624334901,0.016000915959011763,840,840,240,0.6808219139920095,0.8251193331827885,0.6955425783713783,-0.004823767657067934
regression_nonlinear.csv,ridge,adam,123,0.01,0.01,,40,0.7323450050157878,0.015970874985214323,840,840,240,0.6812062537002354,0.8253521997912379,0.6966550379314663,-0.005391013901266062
regression_nonlinear.csv,ridge,adam,2024,0.01,0.01,,76,0.7322074775824823,0.016004375007469207,840,840,240,0.6813061168581857,0.8254126948734104,0.6968494875765165,-0.0055384017461039825
regression_nonlinear.csv,rbf,gd,42,0.05,0.01,1.0,120,0.6685588722770066,0.01485729101113975,120,120,240,0.4667526383527908,0.6831929729972278,0.5965224314671439,0.31112066901090873
regression_nonlinear.csv,rbf,gd_search,42,1.0,0.01,1.0,119,0.6342957208382837,0.01524687500204891,120,120,240,0.40935340824160404,0.6398073211847486,0.5599478227732956,0.3958360835350285
regression_nonlinear.csv,rbf,sgd,42,0.01,0.01,1.0,120,0.6514218508598218,0.04427645803662017,840,840,240,0.44063158837040517,0.6638008649967286,0.581464720155568,0.3496726769869143
regression_nonlinear.csv,rbf,sgd,123,0.01,0.01,1.0,119,0.6517842125180064,0.05048154201358557,840,840,240,0.43759208330014654,0.6615074325358307,0.5777170946304524,0.3541586767377183
regression_nonlinear.csv,rbf,sgd,2024,0.01,0.01,1.0,120,0.6512968424251564,0.0549684590077959,840,840,240,0.43537544914239473,0.6598298637848963,0.5774181613705536,0.3574302028741928
regression_nonlinear.csv,rbf,momentum,42,0.005,0.01,1.0,110,0.5777564727207078,0.0643849169719033,840,840,240,0.3280086440747609,0.572720389085949,0.49887856513868656,0.5158926662176216
regression_nonlinear.csv,rbf,momentum,123,0.005,0.01,1.0,115,0.5786758164174265,0.04517466702964157,840,840,240,0.3285178227887979,0.5731647431487721,0.500157154652087,0.5151411703222422
regression_nonlinear.csv,rbf,momentum,2024,0.005,0.01,1.0,108,0.5790801249224606,0.03840341599425301,840,840,240,0.3365582239678686,0.5801363839373191,0.5052459128784746,0.5032743575182068
regression_nonlinear.csv,rbf,adagrad,42,0.05,0.01,1.0,117,0.5917696487888043,0.03676883300067857,840,840,240,0.353121312086722,0.59424011315858,0.5161336694245926,0.47882892727340776
regression_nonlinear.csv,rbf,adagrad,123,0.05,0.01,1.0,111,0.5919061824831022,0.03590283397352323,840,840,240,0.3470944060625143,0.5891471853981094,0.5145866467264015,0.4877240264088778
regression_nonlinear.csv,rbf,adagrad,2024,0.05,0.01,1.0,114,0.5917211351156674,0.0360194580280222,840,840,240,0.3509021422493487,0.5923699369898414,0.5199700929386486,0.48210419581461184
regression_nonlinear.csv,rbf,rmsprop,42,0.005,0.01,1.0,106,0.5769533759320812,0.04331579100107774,840,840,240,0.34073840425929836,0.5837280225064566,0.5112613414096369,0.4971048373785105
regression_nonlinear.csv,rbf,rmsprop,123,0.005,0.01,1.0,111,0.5740230350154282,0.03718216699780896,840,840,240,0.31599746792251726,0.5621365207158464,0.48938290559101205,0.5336199382505131
regression_nonlinear.csv,rbf,rmsprop,2024,0.005,0.01,1.0,114,0.5733199186794445,0.037066582997795194,840,840,240,0.33038692247705126,0.5747929387849604,0.5050403584239951,0.5123825696481465
regression_nonlinear.csv,rbf,adam,42,0.01,0.01,1.0,118,0.5589141646448054,0.04219829197973013,840,840,240,0.33197200761240203,0.5761701203745314,0.4972063284114877,0.5100431455123672
regression_nonlinear.csv,rbf,adam,123,0.01,0.01,1.0,114,0.5571265599537798,0.04220691602677107,840,840,240,0.312020826533831,0.5585882441779731,0.4806988708431553,0.539489055710865
regression_nonlinear.csv,rbf,adam,2024,0.01,0.01,1.0,103,0.5537685166984567,0.04968595801619813,840,840,240,0.3125559877333846,0.559067069083294,0.4836259021566337,0.5386992123145409
regression_diabetes.csv,ols,gd,42,0.05,0.0,,27,53.76626934798686,0.003322417032904923,120,120,240,2904.778214339556,53.89599441831977,43.500228619933125,0.4640368186023579
regression_diabetes.csv,ols,gd_search,42,1.0,0.0,,120,54.06375535844805,0.003615542023908347,120,120,240,2914.2409521549903,53.983710062897586,42.89469395712819,0.4622908405310354
regression_diabetes.csv,ols,sgd,42,0.01,0.0,,18,53.642723186476175,0.012659208965487778,1080,1080,240,2883.462086572488,53.69787785911551,43.27259486102486,0.4679698760718467
regression_diabetes.csv,ols,sgd,123,0.01,0.0,,21,53.86531375738993,0.012573749991133809,1080,1080,240,2914.554840092263,53.98661723142378,43.362061950904696,0.46223292479184663
regression_diabetes.csv,ols,sgd,2024,0.01,0.0,,14,53.78474521219089,0.012393833021633327,1080,1080,240,2907.487793742096,53.92112567206007,43.564590241140976,0.4635368717252897
regression_diabetes.csv,ols,momentum,42,0.005,0.0,,66,53.599695807216854,0.013703416974749416,1080,1080,240,2892.222146166061,53.779384025535855,42.92581334275544,0.4663535497768383
regression_diabetes.csv,ols,momentum,123,0.005,0.0,,53,53.527261549436126,0.013826666050590575,1080,1080,240,2901.0150542964757,53.86107178934036,42.97127529841802,0.46473116256942604
regression_diabetes.csv,ols,momentum,2024,0.005,0.0,,91,53.42574641612288,0.013783125032205135,1080,1080,240,2896.715430990479,53.82114297365376,42.99469576265775,0.4655244898446437
regression_diabetes.csv,ols,adagrad,42,0.05,0.0,,18,53.711411342616586,0.015183125040493906,1080,1080,240,2895.5797762936495,53.81059167388563,42.9352217495424,0.4657340304909061
regression_diabetes.csv,ols,adagrad,123,0.05,0.0,,57,53.883339445010186,0.015291124989744276,1080,1080,240,2912.639212521478,53.96887262600061,42.884431412619605,0.4625863789186171
regression_diabetes.csv,ols,adagrad,2024,0.05,0.0,,101,53.84868731295249,0.015179332986008376,1080,1080,240,2918.5605409163563,54.02370350981462,43.095403412593186,0.4614938294120996
regression_diabetes.csv,ols,rmsprop,42,0.005,0.0,,7,53.61728900625753,0.016937040956690907,1080,1080,240,2979.4675013428932,54.58449872759567,43.783601552671456,0.4502558326114079
regression_diabetes.csv,ols,rmsprop,123,0.005,0.0,,115,53.69621517860098,0.016814541013445705,1080,1080,240,2889.8428382280604,53.75725847016438,42.989514454991905,0.46679255797570196
regression_diabetes.csv,ols,rmsprop,2024,0.005,0.0,,90,53.481028465212376,0.017120459000580013,1080,1080,240,2891.7943904912986,53.77540693003911,42.933409173887654,0.4664324753523521
regression_diabetes.csv,ols,adam,42,0.01,0.0,,66,53.45824737356076,0.02056654100306332,1080,1080,240,2886.6821002501715,53.727852183482746,42.87308847932927,0.4673757485180404
regression_diabetes.csv,ols,adam,123,0.01,0.0,,53,53.437632332627004,0.020501958031672984,1080,1080,240,2908.4415652073667,53.92996908220296,43.01463832262307,0.463360890513943
regression_diabetes.csv,ols,adam,2024,0.01,0.0,,91,53.22683006845868,0.020280292024835944,1080,1080,240,2879.42021101777,53.660229323194,42.9074191727528,0.4687156460829359
regression_diabetes.csv,ridge,gd,42,0.05,0.01,,27,53.76371688072077,0.0033063750015571713,120,120,240,2905.1223467637374,53.899186884068456,43.518349389257786,0.46397332242630707
regression_diabetes.csv,ridge,gd_search,42,1.0,0.01,,3,54.04513695889755,0.0036071669892407954,120,120,240,2921.035765587868,54.04660734577026,43.30436502673323,0.46103712353243265
regression_diabetes.csv,ridge,sgd,42,0.01,0.01,,18,53.63583732417562,0.012438708974514157,1080,1080,240,2883.580958041094,53.69898470214399,43.2933457016018,0.4679479429926955
regression_diabetes.csv,ridge,sgd,123,0.01,0.01,,21,53.847780967517075,0.012403915985487401,1080,1080,240,2913.743768930658,53.97910492895059,43.37374554064955,0.46238257624474166
regression_diabetes.csv,ridge,sgd,2024,0.01,0.01,,14,53.783231577529726,0.012401791987940669,1080,1080,240,2907.827426836029,53.92427493101812,43.58927311048988,0.4634742057246174
regression_diabetes.csv,ridge,momentum,42,0.005,0.01,,66,53.556568728790054,0.013620292011182755,1080,1080,240,2887.5143390184817,53.73559657264895,42.92394984729667,0.4672221914114276
regression_diabetes.csv,ridge,momentum,123,0.005,0.01,,53,53.49304265565783,0.013721874973271042,1080,1080,240,2897.857944466548,53.83175591104704,42.97832766372538,0.4653136836789954
regression_diabetes.csv,ridge,momentum,2024,0.005,0.01,,91,53.39890105575367,0.013882667000871152,1080,1080,240,2893.774419332372,53.793813950419725,43.01510698624123,0.4660671384905972
regression_diabetes.csv,ridge,adagrad,42,0.05,0.01,,18,53.66582065832395,0.015320833015721291,1080,1080,240,2890.5373718267933,53.76371798738247,42.937781033104066,0.46666440897095973
regression_diabetes.csv,ridge,adagrad,123,0.05,0.01,,57,53.83590414580097,0.015100791992153972,1080,1080,240,2908.0695046818087,53.92651949349048,42.88141868377017,0.4634295397285254
regression_diabetes.csv,ridge,adagrad,2024,0.05,0.01,,101,53.80416454166568,0.015114500012714416,1080,1080,240,2913.014191332828,53.972346542769735,43.08566409418302,0.46251719124855817
regression_diabetes.csv,ridge,rmsprop,42,0.005,0.01,,7,53.61279708359214,0.016652291000355035,1080,1080,240,2978.2476163965553,54.5733233035753,43.79514804161886,0.4504809146550389
regression_diabetes.csv,ridge,rmsprop,123,0.005,0.01,,115,53.66803558180987,0.016707290953490883,1080,1080,240,2887.4133616762197,53.73465698854157,43.006239961898785,0.46724082282959944
regression_diabetes.csv,ridge,rmsprop,2024,0.005,0.01,,90,53.44191892247003,0.016698750026989728,1080,1080,240,2887.416462659376,53.73468584312535,42.93357968113329,0.4672402506644717
regression_diabetes.csv,ridge,adam,42,0.01,0.01,,66,53.42126407518553,0.020413583028130233,1080,1080,240,2881.8834476955717,53.6831765797775,42.86857163109417,0.4682611521185249
regression_diabetes.csv,ridge,adam,123,0.01,0.01,,53,53.40590376623373,0.02034208399709314,1080,1080,240,2903.991326411486,53.8886938644043,43.00907435961105,0.4641820079855782
regression_diabetes.csv,ridge,adam,2024,0.01,0.01,,91,53.21367080866032,0.020660750044044107,1080,1080,240,2878.2322388691427,53.64915878994882,42.94364536751743,0.4689348398682126
regression_diabetes.csv,rbf,gd,42,0.05,0.01,1.0,120,74.2757929631239,0.025473375048022717,120,120,240,4827.283276105667,69.47865338437171,61.08143663980767,0.10931371992629935
regression_diabetes.csv,rbf,gd_search,42,1.0,0.01,1.0,11,69.4263384504988,0.023939541017170995,120,120,240,4218.022331039659,64.9463034439964,56.19559823116006,0.2217289923925162
regression_diabetes.csv,rbf,sgd,42,0.01,0.01,1.0,120,72.80574579889202,0.15645091596525162,1080,1080,240,4612.689900838046,67.91678659093085,59.41467596964312,0.14890853220749878
regression_diabetes.csv,rbf,sgd,123,0.01,0.01,1.0,120,72.84995059188307,0.28274541604332626,1080,1080,240,4615.009865247862,67.93386390636014,59.428526880933106,0.14848047353517868
regression_diabetes.csv,rbf,sgd,2024,0.01,0.01,1.0,120,72.8219053027794,0.1756989590357989,1080,1080,240,4612.671586308537,67.91665176014301,59.401819550008085,0.14891191143743543
regression_diabetes.csv,rbf,momentum,42,0.005,0.01,1.0,120,70.01743974110799,0.23007258295547217,1080,1080,240,4275.055275814095,65.3839068564589,56.672006214518966,0.21120579362474623
regression_diabetes.csv,rbf,momentum,123,0.005,0.01,1.0,120,70.04249045831945,0.12854416703339666,1080,1080,240,4277.395005325921,65.4017966521251,56.70805801551721,0.21077408807608233
regression_diabetes.csv,rbf,momentum,2024,0.005,0.01,1.0,118,70.04009127196456,0.1182188750244677,1080,1080,240,4275.5218430804125,65.38747466511008,56.65453384007574,0.21111970688836235
regression_diabetes.csv,rbf,adagrad,42,0.05,0.01,1.0,99,69.48193956109584,0.09790470899315551,1080,1080,240,4216.475682580687,64.93439521995016,56.20851999283028,0.22201436585906242
regression_diabetes.csv,rbf,adagrad,123,0.05,0.01,1.0,73,69.45633613937797,0.06003724999027327,1080,1080,240,4214.761119366315,64.9211916046395,56.18711824914838,0.22233072142471144
regression_diabetes.csv,rbf,adagrad,2024,0.05,0.01,1.0,99,69.49072839165798,0.07561375002842396,1080,1080,240,4226.662204449487,65.01278493073103,56.32483942380889,0.2201348417559047
regression_diabetes.csv,rbf,rmsprop,42,0.005,0.01,1.0,76,69.55973212994432,0.06191508297342807,1080,1080,240,4226.31006077548,65.01007660951862,56.30995293808285,0.22019981609470207
regression_diabetes.csv,rbf,rmsprop,123,0.005,0.01,1.0,73,69.55284049192765,0.07545920799020678,1080,1080,240,4234.561004089516,65.07350462430556,56.30176805110084,0.21867742729190398
regression_diabetes.csv,rbf,rmsprop,2024,0.005,0.01,1.0,99,69.57711365282661,0.0726812919601798,1080,1080,240,4252.607420007446,65.21201898429037,56.57110121688101,0.21534766722951726
regression_diabetes.csv,rbf,adam,42,0.01,0.01,1.0,70,69.16130365117822,0.07558991701807827,1080,1080,240,4165.847704703087,64.54337847295481,55.71068897461985,0.2313557785552388
regression_diabetes.csv,rbf,adam,123,0.01,0.01,1.0,73,69.1200014685615,0.08011679199989885,1080,1080,240,4203.598947015411,64.83516751744698,55.970342390018786,0.2243902636558417
regression_diabetes.csv,rbf,adam,2024,0.01,0.01,1.0,41,69.25581691177418,0.06588729104259983,1080,1080,240,4248.003062585193,65.17670644168201,56.45156574422976,0.21619722126436258
